{
  "placeholderImages": [
    {
      "id": "hero",
      "description": "A vibrant image of a modern university campus or student living area.",
      "imageUrl": "https://images.unsplash.com/photo-1627520219450-48835839ed9f?crop=entropy&cs=tinysrgb&fit=max&fm=jpg&ixid=M3w3NDE5ODJ8MHwxfHNlYXJjaHw4fHxJbmRpYW4lMjBzdHVkZW50cyUyMHVuaXZlcnNpdHl8ZW58MHx8fHwxNzY4NTk3ODU5fDA&ixlib=rb-4.1.0&q=80&w=1080",
      "imageHint": "Indian students university"
    },
    {
      "id": "onboarding-student",
      "description": "A group of happy students walking on a university campus.",
      "imageUrl": "https://images.unsplash.com/photo-1541339907198-e08756dedf3f?q=80&w=2070&auto=format&fit=crop&ixlib=rb-4.0.3&ixid=M3wxMjA3fDB8MHxwaG90by1wYWdlfHx8fGVufDB8fHx8fA%3D%3D",
      "imageHint": "university students"
    },
    {
      "id": "onboarding-owner",
      "description": "A modern and clean apartment building exterior.",
      "imageUrl": "https://images.unsplash.com/photo-1580587771525-78b9dba3b914?q=80&w=1974&auto=format&fit=crop&ixlib=rb-4.0.3&ixid=M3wxMjA3fDB8MHxwaG90by1wYWdlfHx8fGVufDB8fHx8fA%3D%3D",
      "imageHint": "apartment building"
    },
    {
      "id": "property-1-1",
      "description": "A typical shared room in an Indian PG or hostel.",
      "imageUrl": "https://images.unsplash.com/photo-1708616178113-f687b1113414?crop=entropy&cs=tinysrgb&fit=max&fm=jpg&ixid=M3w3NDE5ODJ8MHwxfHNlYXJjaHwzfHxJbmRpYW4lMjBob3N0ZWwlMjByb29tfGVufDB8fHx8MTc2NjQyMzk3NXww&ixlib=rb-4.1.0&q=80&w=1080",
      "imageHint": "Indian hostel room"
    },
    {
      "id": "property-1-2",
      "description": "The exterior of a residential building used for student housing in India.",
      "imageUrl": "https://images.unsplash.com/photo-1688736867121-b8adc15233d9?crop=entropy&cs=tinysrgb&fit=max&fm=jpg&ixid=M3w3NDE5ODJ8MHwxfHNlYXJjaHw1fHxJbmRpYW4lMjBQRyUyMGJ1aWxkaW5nfGVufDB8fHx8MTc2NjQyMzk3NXww&ixlib=rb-4.1.0&q=80&w=1080",
      "imageHint": "Indian PG building"
    },
    {
      "id": "property-2-1",
      "description": "A clean, modern single room in an Indian student residency.",
      "imageUrl": "https://images.unsplash.com/photo-1629737273704-5c96a46f63e6?crop=entropy&cs=tinysrgb&fit=max&fm=jpg&ixid=M3w3NDE5ODJ8MHwxfHNlYXJjaHwyfHxJbmRpYW4lMjBob3N0ZWwlMjByb29tfGVufDB8fHx8MTc2NjQyMzk3NXww&ixlib=rb-4.1.0&q=80&w=1080",
      "imageHint": "Indian hostel room"
    },
    {
      "id": "property-2-2",
      "description": "Exterior of a modern apartment complex in Noida.",
      "imageUrl": "https://images.unsplash.com/photo-1606238544217-5e437dbdacdd?crop=entropy&cs=tinysrgb&fit=max&fm=jpg&ixid=M3w3NDE5ODJ8MHwxfHNlYXJjaHwzfHxJbmRpYW4lMjBQRyUyMGJ1aWxkaW5nfGVufDB8fHx8MTc2NjQyMzk3NXww&ixlib=rb-4.1.0&q=80&w=1080",
      "imageHint": "Indian PG building"
    },
    {
      "id": "property-3-1",
      "description": "A well-lit shared room with two beds.",
      "imageUrl": "https://images.unsplash.com/photo-1708616178113-f687b1113414?crop=entropy&cs=tinysrgb&fit=max&fm=jpg&ixid=M3w3NDE5ODJ8MHwxfHNlYXJjaHwzfHxJbmRpYW4lMjBob3N0ZWwlMjByb29tfGVufDB8fHx8MTc2NjQyMzk3NXww&ixlib=rb-4.1.0&q=80&w=1080",
      "imageHint": "Indian hostel room"
    },
    {
      "id": "property-3-2",
      "description": "Building exterior with lots of greenery.",
      "imageUrl": "https://images.unsplash.com/photo-1748347568959-32458571998d?crop=entropy&cs=tinysrgb&fit=max&fm=jpg&ixid=M3w3NDE5ODJ8MHwxfHNlYXJjaHwxMHx8SW5kaWFuJTIwUEclMjBidWlsZGluZ3xlbnwwfHx8fDE3NjY0MjM5NzV8MA&ixlib=rb-4.1.0&q=80&w=1080",
      "imageHint": "Indian PG building"
    },
    {
      "id": "property-4-1",
      "description": "A standard room in a student PG near Delhi University.",
      "imageUrl": "https://images.unsplash.com/photo-1629737273704-5c96a46f63e6?crop=entropy&cs=tinysrgb&fit=max&fm=jpg&ixid=M3w3NDE5ODJ8MHwxfHNlYXJjaHwyfHxJbmRpYW4lMjBob3N0ZWwlMjByb29tfGVufDB8fHx8MTc2NjQyMzk3NXww&ixlib=rb-4.1.0&q=80&w=1080",
      "imageHint": "Indian hostel room"
    },
    {
      "id": "property-5-1",
      "description": "A modern studio apartment for students.",
      "imageUrl": "https://images.unsplash.com/photo-1702014859878-5d4743176d28?crop=entropy&cs=tinysrgb&fit=max&fm=jpg&ixid=M3w3NDE5ODJ8MHwxfHNlYXJjaHw0fHxzdHVkaW8lMjBhcGFydG1lbnR8ZW58MHx8fHwxNzY2NDIyODI5fDA&ixlib=rb-4.1.0&q=80&w=1080",
      "imageHint": "studio apartment"
    },
    {
      "id": "property-6-1",
      "description": "A room in a popular student hostel.",
      "imageUrl": "https://images.unsplash.com/photo-1624903715293-afe920c6adad?crop=entropy&cs=tinysrgb&fit=max&fm=jpg&ixid=M3w3NDE5ODJ8MHwxfHNlYXJjaHw3fHxJbmRpYW4lMjBob3N0ZWwlMjByb29tfGVufDB8fHx8MTc2NjQyMzk3NXww&ixlib=rb-4.1.0&q=80&w=1080",
      "imageHint": "Indian hostel room"
    }
  ]
}